Nome,Valore
directories_2355,0.34442484624658865
head_627,0.33486755658847134
directories_2356,0.3269175282989729
section_837,0.31259135350619904
gen_617,0.3118715964553638
section_787,0.27625649936241925
byte_510,0.27411892799935655
byte_511,0.27378984199860845
byte_509,0.27197836663325936
byte_499,0.27097863341018535
byte_512,0.2706489557375378
byte_497,0.27034118206362256
byte_508,0.2701085195273991
head_686,0.26985224615149517
byte_504,0.2686471454346402
byte_503,0.2685553167138406
byte_502,0.26843549273235046
byte_507,0.26831844649868075
byte_501,0.26783667567485603
byte_500,0.26715755889711335
byte_506,0.26660615651471553
hist_140,0.2663402474225882
byte_498,0.2655167209350413
byte_505,0.26430292282131584
hist_138,0.26324695046148117
hist_232,0.261605836184186
hist_233,0.261594627825547
hist_175,0.2607881264592815
hist_117,0.26059964337550334
hist_2,0.2596293530776419
byte_473,0.2595692769056088
hist_144,0.25954864622805984
hist_172,0.2589203570102281
hist_167,0.25730734509210085
hist_142,0.25704599227547775
string_522,0.2569389886722848
string_521,0.25652468270784
string_612,0.25529996890412177
byte_477,0.255195021004359
hist_171,0.25434188759611853
byte_492,0.25399900222928085
hist_159,0.2533585378355159
byte_469,0.25317133805898306
hist_1,0.2530482112942276
byte_402,0.25301810598518726
hist_106,0.2525907440841766
string_513,0.25254986533026047
byte_466,0.2522713172202349
byte_408,0.2517562666516968
hist_170,0.25175601515889623
hist_192,0.2516445434521799
hist_5,0.25150347874284695
string_514,0.25146351033380476
byte_465,0.25144609770649784
hist_174,0.2512833302136679
byte_401,0.25114877667302116
hist_193,0.2507962013367846
string_589,0.250786512183115
byte_467,0.25066797838238664
hist_188,0.2506433443631282
byte_412,0.25017203504772434
byte_257,0.2500909690296229
hist_128,0.24992966338778588
byte_489,0.24970004032412518
hist_239,0.2487573777534231
byte_417,0.24864160775846078
hist_240,0.2483677398331352
byte_407,0.24825988048395042
byte_404,0.2482376067983023
byte_479,0.2481740635996621
hist_132,0.24816250691017494
hist_112,0.2479949886198476
byte_468,0.24765501402051027
hist_189,0.24741937712366568
byte_493,0.2473780256982776
byte_423,0.24732584860205953
byte_414,0.24725398906438678
hist_98,0.24719049245487867
hist_160,0.2471194422704439
hist_111,0.2470319006530166
byte_424,0.24682499173562933
byte_494,0.24665855817959836
hist_231,0.24654965278633179
hist_115,0.2464834618599594
hist_215,0.24642107801889535
byte_453,0.24629030630073334
hist_224,0.24621938213590777
byte_405,0.24618920358345409
byte_450,0.24606005724318214
hist_226,0.24587110726853845
byte_403,0.24570387086858592
hist_107,0.2456587703952755
hist_216,0.24559417058286126
hist_154,0.24549710554899162
string_548,0.24535078720124082
string_573,0.24517978283511876
hist_227,0.24392740950360015
byte_476,0.24375867366865922
byte_472,0.24369529410460045
hist_6,0.24366351568432365
hist_168,0.24362184032728806
byte_486,0.24347424500781956
string_517,0.24342421509091117
directories_2354,0.2433234048340549
byte_409,0.24310600663724746
byte_491,0.24305497430934175
hist_180,0.24302168654558987
byte_480,0.2428354477033623
byte_411,0.24281461587955766
byte_433,0.24280704270291342
hist_139,0.24273456469703336
byte_485,0.2426146385119412
hist_27,0.24255716443267472
string_515,0.24240176485208553
hist_178,0.2423312208278281
hist_190,0.24209278232268017
hist_256,0.24207126710919113
hist_124,0.242015353433658
hist_136,0.24187472155511602
byte_495,0.24179909795989052
gen_621,0.24171893559835889
hist_116,0.2416383312432151
hist_147,0.24142433671016805
gen_618,0.24122135948357082
byte_419,0.24115857115731676
hist_156,0.2409987253209096
string_594,0.24090253498342218
hist_163,0.24085835037472259
string_565,0.24080378515767942
string_575,0.24077354682149932
byte_415,0.24059090745382217
byte_481,0.2404303205299798
string_580,0.24040025442024215
byte_406,0.24033854179961134
byte_438,0.24026729218914422
byte_449,0.24021563179334127
byte_490,0.2400852887158449
hist_143,0.24005984427475657
hist_183,0.23990552977673474
hist_151,0.23989383698854594
byte_439,0.2398913989293181
byte_475,0.23969149381524502
hist_173,0.2396131153473835
byte_487,0.2396069166576691
hist_191,0.23959262079316757
hist_214,0.23951763612937182
hist_176,0.23951713102630645
hist_166,0.23949050980285147
byte_457,0.2394372629714061
string_523,0.23942955004597843
byte_422,0.23924683882640085
byte_483,0.23906327018343054
byte_410,0.23901110133209746
string_555,0.23889397485834563
byte_418,0.23889103068158546
byte_435,0.23872386854465666
hist_181,0.2385926587652345
byte_496,0.2383823823734046
hist_127,0.23826099904678033
byte_372,0.2381743456412344
byte_421,0.23817040043531268
hist_182,0.23812914007267172
string_576,0.2380205693818518
hist_206,0.23797748120509343
byte_376,0.23776798616867012
byte_369,0.2377062832471155
byte_488,0.2375836009837522
byte_441,0.23755898164905953
hist_253,0.2374912042997428
hist_205,0.23745155086719327
byte_478,0.23740898299648405
hist_102,0.23738885692857736
hist_155,0.23729019897585535
hist_228,0.23727844800106834
byte_420,0.23721083502355
hist_244,0.2370522712024068
hist_3,0.23674297700172287
hist_243,0.23662781339189642
hist_236,0.2364898722325648
string_609,0.2363871404068114
hist_158,0.23638700340764052
byte_470,0.2363795292525659
byte_452,0.23632544768951047
hist_222,0.2363235831052859
byte_482,0.23630379561979442
hist_135,0.23627108606428515
string_527,0.23620509812185597
hist_246,0.23612789464874617
hist_90,0.2360884512600403
hist_148,0.23605335825579732
hist_110,0.23598633779934453
hist_152,0.23583669299672305
byte_471,0.2358202938999705
hist_238,0.23580346589836187
string_599,0.23570555196908627
hist_19,0.23558173079769928
hist_146,0.23550487363407258
byte_484,0.235480884267955
string_607,0.2354382444213161
hist_203,0.23541764882266825
hist_7,0.2354005266212329
hist_249,0.23518451256110917
hist_23,0.23518430694716397
hist_40,0.2349896024560898
byte_374,0.2343968912929697
byte_446,0.2343519220597987
byte_437,0.23423854202044359
byte_463,0.2340593888319411
hist_187,0.23399329943148706
string_556,0.23396119415858285
byte_429,0.23385112754581172
byte_434,0.23380220511681382
string_578,0.2337399802130431
string_598,0.2336837940654659
hist_150,0.23361661096593767
hist_165,0.23336996174530156
byte_371,0.23332087199094742
byte_440,0.2332672319727529
string_526,0.2332162071582089
byte_443,0.23320892854344244
string_558,0.23311475786108438
string_531,0.2329187250395799
byte_375,0.2328998168238403
byte_428,0.23272000287773853
hist_100,0.23269936189726348
byte_413,0.23245928685169148
hist_149,0.2322193255889351
hist_28,0.23215955272612598
byte_455,0.23180198285988585
byte_445,0.2316887109725081
string_597,0.23166262334171672
string_600,0.23158442890789144
hist_202,0.2313918252927718
byte_373,0.2312998394134136
hist_208,0.23123187846028515
hist_169,0.23114283983357842
hist_64,0.23104672039214247
string_519,0.2309153591886861
hist_184,0.23089088386020373
byte_462,0.23079158127324595
hist_95,0.2305258062208364
string_528,0.2304758433668539
string_611,0.23029685301606206
string_581,0.23022999273546252
hist_242,0.23022660045820964
hist_82,0.23016114686044187
hist_212,0.22998664454912454
string_571,0.22985749740327743
string_608,0.22982860638188107
byte_442,0.22975211311327826
hist_219,0.2297262873478627
hist_36,0.22968738840058878
hist_200,0.22966463906381462
hist_237,0.22958915004092728
byte_431,0.22958511883486454
byte_461,0.22954557802199127
hist_179,0.22952910044066255
hist_153,0.22947387940806685
hist_218,0.22935923446172812
hist_48,0.2292575636954901
string_583,0.22917769982603442
hist_32,0.2291422603838782
hist_114,0.22912321797512392
byte_436,0.22906584508107786
byte_451,0.2290611759699226
byte_444,0.22890508197146264
hist_157,0.22863029078304287
hist_241,0.22854877558363507
byte_370,0.2285347346298252
section_785,0.2285248877571202
hist_123,0.22845355150036606
hist_8,0.2284113540343493
byte_425,0.22835414239674656
byte_459,0.22823866391993852
string_559,0.2281459124840648
byte_454,0.228077142886286
hist_223,0.22800009546905642
hist_145,0.22771561357114023
byte_464,0.22764426569722906
hist_196,0.2275513000883782
byte_426,0.22748475273827018
hist_56,0.22748159264022472
hist_62,0.22744802409141784
hist_185,0.22737815074939127
hist_30,0.22731767370614153
string_547,0.2272866368229034
hist_33,0.2272716530464065
hist_235,0.22720298171732156
hist_65,0.22707382278571342
string_525,0.22701772361185646
hist_52,0.2269141100498009
hist_9,0.22680121723092173
string_562,0.22678633973793483
hist_86,0.2267816994752887
byte_447,0.22665117493997267
string_585,0.22661294731398018
string_530,0.2265544611685888
hist_97,0.2264657314134555
byte_460,0.226457402703375
hist_75,0.22644130442598898
hist_210,0.22623998624843167
hist_113,0.22621584517756
hist_104,0.22618429361274073
hist_43,0.22615151944821044
hist_70,0.22610218442123697
hist_220,0.2260789810581425
string_572,0.22607554552286357
hist_11,0.22597897954490964
hist_26,0.22577046963782688
byte_416,0.2257171305861536
byte_474,0.22566269192729727
byte_377,0.2256071785626763
byte_427,0.22555146767742484
hist_41,0.22551562007717085
byte_456,0.22545942788408624
hist_79,0.22541568056994854
string_595,0.22537035112776516
hist_195,0.2253479315389384
byte_448,0.22528803847712053
byte_458,0.22524842789389887
hist_207,0.22503755401775716
hist_20,0.22500115409555677
hist_37,0.2247897945506383
string_579,0.22463611467700706
byte_383,0.22457762028198935
string_590,0.22443310726624888
hist_213,0.22436604017295791
hist_49,0.224301938319597
hist_92,0.2238806018069639
hist_230,0.22385957134976864
hist_126,0.22381415773674873
section_835,0.2237893668057429
hist_29,0.22360450090375306
hist_15,0.22327172197109868
hist_134,0.22325255113816844
byte_360,0.22318110584574868
hist_164,0.22315877423317887
hist_225,0.22314055752822282
hist_84,0.2229743144016978
hist_254,0.22239754987288696
hist_245,0.22232943170037833
hist_93,0.2222436565895387
hist_221,0.22195054809734716
byte_430,0.22191267431741157
byte_378,0.2219016475633495
hist_118,0.221873872123723
hist_94,0.221725608554876
hist_47,0.22163850483620262
string_593,0.22140615144228915
hist_161,0.22134612578099544
hist_10,0.22122997794115484
hist_101,0.22113175363701498
hist_73,0.2211144969896952
string_518,0.22105846175821253
string_560,0.22102337377030712
byte_381,0.22093854993741635
hist_234,0.22083242295727867
hist_194,0.2206624917244533
hist_31,0.22058603459673343
hist_251,0.2205625040175352
string_606,0.2205580580975426
hist_186,0.2204088993893456
byte_353,0.2203920245164115
hist_17,0.22025498472231875
hist_72,0.22023994020130644
hist_34,0.2202009970970924
byte_432,0.22018434577662016
hist_197,0.22018008448741844
hist_199,0.22011873485371725
hist_137,0.22000159663959895
hist_130,0.21986968550160002
hist_131,0.21980766320050593
hist_177,0.2196362547112607
hist_125,0.21963518891766998
hist_16,0.219361017309462
directories_2357,0.21912967699322872
hist_61,0.2187974078656416
string_574,0.21841028060682643
hist_12,0.2183869530938205
byte_356,0.218345471711618
hist_96,0.21785145172025078
hist_45,0.21783790095715783
hist_55,0.21740405069565982
byte_379,0.21733821869247572
byte_382,0.21732217267855258
hist_229,0.2173076198228261
hist_38,0.21702266290477534
hist_122,0.21691211002412536
hist_198,0.2167170822207818
byte_380,0.2166945215194782
hist_4,0.2166280994561609
string_554,0.21660894978658773
byte_359,0.21660539572372062
hist_42,0.21657209989400839
hist_109,0.2165237246081828
hist_69,0.21644631657455848
hist_63,0.21641826798425723
hist_39,0.21637564568901868
hist_44,0.21628533590882437
hist_68,0.21610827144409273
string_610,0.21601971233767148
string_584,0.21541962332542908
string_524,0.21539981835793487
hist_87,0.21514539610760197
string_534,0.21511806476045692
hist_201,0.2149661970953265
hist_91,0.21477675050952105
hist_204,0.21472718677849367
string_520,0.21447255815353827
hist_89,0.21405659291134715
hist_141,0.21392913943234992
hist_217,0.21389104131814118
string_587,0.21385154058095845
byte_384,0.21379338956881178
string_601,0.2136857235219849
hist_88,0.21367863275547427
hist_60,0.21357643222152056
hist_211,0.21346985915675454
hist_76,0.21343604485434509
section_737,0.21330635157154632
byte_365,0.21329430852700382
byte_364,0.21304996152499767
hist_248,0.21293079406425264
hist_22,0.21290923655823102
hist_59,0.21289463288479804
string_577,0.21254687597815036
byte_357,0.2125429225332376
string_544,0.21249456165909186
hist_21,0.21210083776687294
string_570,0.2120961681417588
hist_162,0.21208481201368823
hist_120,0.21204717699971276
byte_363,0.21204307171041492
hist_129,0.21200151022531855
string_591,0.21128745864821674
string_545,0.21106634072023156
hist_35,0.21098901428840233
hist_255,0.2109804236998829
string_596,0.21084940831404664
hist_247,0.21077242352060632
byte_362,0.2107116094040684
hist_209,0.2107099037450637
hist_250,0.21070907170103204
hist_133,0.21069440143021811
string_543,0.21061800817780085
string_563,0.2104331340199741
byte_358,0.21034755597998145
hist_99,0.2102509202414331
string_516,0.20996345357047508
hist_81,0.20988648839815105
byte_361,0.20967365682198902
byte_355,0.20952711143296598
hist_51,0.20870179826213286
byte_368,0.20841364818095487
hist_13,0.20832976324474806
byte_367,0.20815423636552044
byte_366,0.20795114895437417
byte_343,0.20790823848529927
hist_14,0.20786234929381164
hist_18,0.20773752866770057
hist_108,0.20726013525634857
hist_77,0.20717110647944992
string_564,0.20709594117113284
string_557,0.20707151883143982
byte_340,0.2067992257389506
string_553,0.20635331686515834
hist_25,0.20631162924346702
hist_74,0.20621197147614434
hist_80,0.20611416114046954
hist_252,0.20528599859079777
hist_50,0.20504568375409238
hist_24,0.20403639297439247
hist_71,0.20366995593500148
string_582,0.2034013700550401
string_588,0.20333925372859873
string_604,0.2028713875109609
string_561,0.20282764783984297
hist_105,0.20267902902811774
string_551,0.20242338673238947
string_592,0.20230393437204652
string_538,0.20210185988150098
hist_46,0.20148951114979696
string_546,0.2014668712431793
hist_78,0.20137316664037663
byte_354,0.20135536298568235
byte_385,0.20079535888623679
hist_121,0.20071575507130035
hist_67,0.2003765779966753
byte_344,0.19998325097509984
string_529,0.1999165023975662
string_535,0.19840242102540628
hist_119,0.1983980745714864
string_569,0.19811393888105422
string_542,0.19790674460041013
hist_54,0.19657178327767078
byte_391,0.19646632100916062
hist_103,0.1963217765538523
hist_83,0.19609377967748887
byte_386,0.19606151729635068
byte_387,0.1958049774560584
byte_388,0.19569702358637397
hist_58,0.1948914286581478
string_552,0.19448640471741419
byte_341,0.1937718035217728
byte_352,0.19345882475248888
string_533,0.1931936386997679
string_567,0.1930397917504285
section_799,0.19215854401321386
string_568,0.19179035976248726
hist_53,0.19177825274329696
byte_338,0.19173573670478405
byte_339,0.1916390576670277
string_605,0.19144516795725885
byte_311,0.1906707671609904
byte_307,0.19046152664645488
string_537,0.19030652505593348
byte_392,0.19028145729788992
string_532,0.1900423039496988
byte_337,0.1896725199058995
byte_350,0.18962862763099442
byte_309,0.18959484548115357
string_539,0.1893574498128221
byte_317,0.18931617724911232
directories_2376,0.1891902129634897
string_541,0.18913615006247553
byte_305,0.189123414194168
hist_57,0.18875952093943127
byte_312,0.1887172779606907
byte_351,0.1881038367830179
byte_342,0.18807280805879478
byte_320,0.18783516819985602
byte_348,0.1877547521865377
byte_347,0.18768045693867275
byte_399,0.1870921816982627
byte_316,0.18699078184406148
string_549,0.18693547775881236
string_566,0.18685245134274697
byte_390,0.18683467579410507
byte_349,0.1865665533975449
byte_310,0.18635919901471754
byte_398,0.1860251614565025
byte_345,0.18576059729426886
string_586,0.18561695535798184
byte_397,0.18553720286025155
hist_85,0.1853670791321853
byte_314,0.18433039170389165
directories_2362,0.1843048348693037
byte_313,0.18395551331361704
byte_319,0.18364633075630832
byte_308,0.18341486617192193
byte_389,0.18286137698669913
byte_315,0.18245905422386843
byte_396,0.18126341998533957
byte_393,0.18078537341096634
string_536,0.17970080427518487
section_826,0.1788110139185386
byte_346,0.1783420502755968
byte_318,0.17831403773053922
string_603,0.17813103329410196
byte_306,0.17800609906469989
string_602,0.177475662461424
string_550,0.17708994571736092
hist_66,0.17616909707579143
string_540,0.17571781843423628
section_735,0.1753449237392628
byte_400,0.1751926396637613
section_808,0.1693287683337048
directories_2363,0.15760455410507923
byte_394,0.15734095770231327
byte_296,0.15489128365569305
byte_395,0.15485600951081957
byte_291,0.15267902478589468
byte_294,0.15097924041713817
byte_289,0.15090201258585778
byte_280,0.1500412330923102
byte_273,0.14984746957060957
byte_276,0.1494852430199307
byte_293,0.14935489445383032
string_616,0.14849383894236534
byte_295,0.1467914598866944
byte_290,0.1454066706505206
byte_292,0.14346663448204766
byte_274,0.1426689022194656
byte_279,0.142108201721574
section_776,0.1398838782961911
byte_277,0.1398495840070757
byte_278,0.13911047389824271
byte_275,0.13825216555372477
byte_283,0.1380274922503968
section_758,0.1376195201549293
section_749,0.13711616926407588
byte_263,0.13472126007601948
head_641,0.13279413531741735
byte_264,0.13261386724831148
byte_272,0.132108566812855
directories_2360,0.13033100047646706
section_692,0.12708178386709856
directories_2361,0.12471698429849343
directories_2365,0.1238066014580459
head_678,0.12291734068557747
directories_2377,0.12267530747184363
section_693,0.12251732013819883
section_699,0.1181887843578664
section_816,0.11666083192599297
section_716,0.1147533414362567
head_680,0.11152384247958125
byte_266,0.11123547576190318
section_689,0.11048712856914578
byte_270,0.11021293094583018
byte_267,0.10783729733841363
section_802,0.10303292679395182
imports_1061,0.10296099254280966
section_931,0.10237966007860688
section_702,0.09991884575998022
section_752,0.0998666068595555
section_766,0.0993536234871002
section_775,0.09804686803389173
section_825,0.09750640065665594
section_725,0.09742044322030119
section_734,0.09664616534894321
section_834,0.0964397661686216
section_784,0.0957544304557445
byte_328,0.09313006581993588
section_740,0.09200486449062217
section_790,0.09170838341807674
byte_327,0.09169121376809253
section_876,0.09151287490011306
section_840,0.09115940221724217
head_659,0.09029979272076094
byte_324,0.08995721056700945
head_687,0.08632774634949691
section_708,0.08119761720822471
byte_321,0.08118266132655805
head_679,0.07951896512782564
byte_325,0.07913675910547013
byte_333,0.07912332002980937
byte_326,0.07765848169745104
byte_336,0.07593271836871796
section_726,0.07550562205334699
byte_329,0.07541742083589931
byte_323,0.07472863514429573
byte_332,0.07449429407333663
byte_335,0.07445069182532027
byte_322,0.0725185100019543
byte_331,0.07033650264404856
directories_2373,0.06981527094965978
string_614,0.06920084096128698
byte_330,0.06879956689619426
byte_334,0.06732043836181623
directories_2371,0.06353421121865477
section_836,0.06182797493034409
imports_1470,0.061039619461285444
byte_304,0.05767086223045381
directories_2381,0.05753473618449667
head_640,0.056725392830870414
directories_2380,0.05597974599394662
byte_297,0.055927607489224984
byte_301,0.05523315807122353
head_666,0.05416389270741795
imports_2211,0.05353555108393904
byte_298,0.052940518438984396
section_922,0.05284335585180289
imports_987,0.052534044690513815
directories_2364,0.052490741276759234
imports_976,0.05205288970679334
byte_303,0.05100858847302003
byte_300,0.050543246451794754
byte_299,0.04929278505944157
head_656,0.04841708413110091
section_736,0.04786550507725762
byte_281,0.047630104882107505
head_684,0.047391928247364934
byte_285,0.047163492208696534
byte_302,0.04678718308000107
byte_287,0.04669628555040273
gen_619,0.04561022278009874
section_894,0.0455665148968889
byte_288,0.045117844520362826
head_655,0.04486115663856971
byte_286,0.043369991497097526
section_796,0.04229070676110158
directories_2353,0.042204963022028474
head_638,0.04048168209366221
byte_282,0.03842043710298726
head_681,0.03837129412307605
byte_284,0.03763129608549787
directories_2352,0.037132722841003885
imports_1696,0.03674699957294947
section_786,0.03604352128947652
byte_260,0.035568863945793394
section_917,0.03451875881345012
byte_262,0.03441573385305885
section_907,0.033353706115466064
head_661,0.03209294911542737
gen_622,0.03201369642514784
imports_1781,0.031978534108001444
head_633,0.0319443798860215
head_682,0.03173029619359724
byte_261,0.03165720840869257
head_669,0.030991853271419068
directories_2370,0.030712640164347826
head_642,0.03044625517125743
head_672,0.029909244445060157
gen_624,0.02969807696951854
head_634,0.029605021498694928
section_810,0.029045489925973333
byte_265,0.02904320244609937
head_643,0.02888166850621099
section_729,0.02887063739407214
directories_2358,0.02838256491909963
section_829,0.028334419893540685
directories_2359,0.02830272566108527
byte_269,0.02816828114475456
imports_1988,0.02775885975196868
imports_1432,0.027743838676787203
string_613,0.026938166512254558
section_690,0.02644509314304777
section_779,0.02606396611508144
imports_2071,0.026026229967709424
byte_259,0.025786402501654537
directories_2372,0.025745958278352132
string_615,0.025364683178271452
byte_271,0.02534159264821123
imports_1969,0.024999042575232666
imports_1474,0.024129881099272943
byte_268,0.023914422813331004
directories_2379,0.022953615894719892
section_713,0.022589758023213058
imports_1800,0.022523096548584753
head_645,0.022454711086895562
imports_1475,0.022035340091224764
section_853,0.021855340648368138
imports_1516,0.021633336543533943
imports_2038,0.02089841755308952
imports_1225,0.020831972336862625
imports_1562,0.02078857683515012
imports_2203,0.020744762876932388
section_813,0.020733149340720125
imports_1977,0.02059195328825303
byte_258,0.020216902734325304
imports_1699,0.019907476901275922
imports_2106,0.019700910877318734
imports_1494,0.019480557915180663
imports_1942,0.0190943945311961
section_763,0.01906729212342939
section_883,0.018854436492064197
imports_2093,0.018847807072206457
imports_1547,0.01847829102799703
imports_1862,0.018370160874698227
imports_1333,0.018331995066139806
imports_2223,0.018226732003299828
imports_1276,0.018131391961016874
imports_1330,0.018074048973277135
imports_1923,0.01806060052434777
imports_2055,0.018043482659680254
imports_1924,0.01786673943944006
imports_1836,0.017662653026264463
imports_1486,0.017624388521900736
imports_1785,0.017511472233121772
imports_947,0.017472944783078148
imports_1902,0.017389286029198425
imports_1311,0.0172953237158735
section_887,0.017262548275871037
imports_1673,0.017089808400846396
imports_1741,0.017031439135119397
imports_1882,0.01693808691377785
imports_2123,0.016897301229453987
imports_1933,0.016821652690422573
section_811,0.01672425774004438
imports_1628,0.016665821535571945
imports_1323,0.01659151562022454
imports_1950,0.016467759620565348
imports_1319,0.016398305111920974
imports_2171,0.016378133857664512
imports_1970,0.016338156506221724
imports_1644,0.016206789605984095
imports_1709,0.016112501865136686
section_798,0.016084142140549096
gen_620,0.015983745714555297
imports_1665,0.015970415623611567
imports_1386,0.015908421356744196
imports_2059,0.015641732014524345
section_823,0.01561831620302101
imports_1690,0.015608876354175294
imports_1674,0.01557645463397117
section_847,0.015543342531026294
imports_1339,0.015420079336043502
imports_1425,0.015326857460939092
imports_1231,0.015306742107132232
imports_1761,0.01510406739895287
imports_1418,0.015052470704462584
imports_1635,0.015045097934320184
imports_1287,0.014856316318947016
imports_1683,0.014854783166299956
imports_2000,0.014828840977368696
imports_2204,0.014790662640438379
imports_1723,0.0147781271823888
imports_1620,0.014722173720220777
imports_1598,0.014635448371186799
imports_2012,0.014628925315740782
imports_1728,0.014573866185850326
imports_2048,0.014507090418283353
imports_2067,0.014422445650669635
imports_1611,0.01436896790911324
imports_1792,0.014347257861833551
imports_2011,0.014273702053362536
imports_1717,0.014189705597775104
section_772,0.014145426035175657
imports_1819,0.014089251511455236
imports_2122,0.014066393011667344
imports_1895,0.01404714958241482
imports_2216,0.014035788500289526
imports_2057,0.013981855274743493
imports_1254,0.013867409061739666
imports_2111,0.013855565724807617
imports_1567,0.013748871117909456
imports_1913,0.01371769125140454
imports_2039,0.013681313695744324
imports_1452,0.013661531694051154
imports_1816,0.013650297917791931
imports_2146,0.013635937929042719
imports_1435,0.013537810286915697
imports_1412,0.013374705344189053
imports_1281,0.01334729722811101
imports_1533,0.013346104299347239
imports_1560,0.013266328169124542
imports_1229,0.013256144775551482
imports_1828,0.013218484671162711
imports_1640,0.013085270360695844
imports_1793,0.013065224096804995
imports_1991,0.013021049133616014
imports_1212,0.012970045987017675
imports_1599,0.012949714635822396
imports_1703,0.012857177786206764
imports_2151,0.012820286931451319
imports_1504,0.012793759191969567
imports_1646,0.012769660393026294
imports_1296,0.012743353509000688
imports_1676,0.012741187664970566
imports_1837,0.012671494874166855
imports_2130,0.012588346128078465
imports_1854,0.012469396732891047
imports_2006,0.012415012563116168
imports_2138,0.012414936816157685
imports_1554,0.012406342537634396
imports_2054,0.012385158908936988
imports_1824,0.012373298927230492
directories_2378,0.012306249567565208
imports_1614,0.01228472566331118
imports_1306,0.012166985961056476
imports_1364,0.012004708937490172
section_761,0.011954828082612945
head_688,0.011943394469972501
section_886,0.011930339701761383
imports_1248,0.011917712436524841
head_685,0.011897300642953024
imports_2159,0.011839449870467922
imports_1307,0.011832910812409558
imports_1482,0.011814284528054442
imports_1789,0.011768650992538543
imports_2056,0.011750828363416677
imports_2124,0.011717718355854112
imports_1458,0.0117168299995829
imports_1666,0.01168241051118768
imports_2181,0.01166420718092942
imports_1946,0.011623839002848468
imports_1733,0.01161532120686748
section_828,0.01158733267965939
imports_1615,0.011553627235284747
imports_1999,0.011530993834904857
section_722,0.0114512048855131
head_683,0.011410081316529208
imports_1900,0.011409511763906588
imports_2110,0.011348332271741812
imports_1392,0.011275513773358448
imports_1660,0.011250062083197676
imports_1778,0.011217367326559646
imports_1515,0.011189013648122748
imports_1454,0.011161185504659388
imports_1662,0.011158693143714427
imports_2133,0.011110469701002046
imports_1303,0.011107039906840921
imports_1725,0.011018846960630047
imports_1464,0.010990984151385996
imports_1622,0.010990909146815886
imports_1878,0.010984872454674832
section_711,0.010977410875682603
imports_2219,0.010971899777850957
imports_1559,0.010901696996117982
imports_1849,0.010901408371480015
imports_2050,0.010857008971266291
section_880,0.010841643423736613
imports_2176,0.0108114686652101
imports_1411,0.010769053469450007
imports_1253,0.010763439459191781
imports_2097,0.010677752017352438
imports_1734,0.010660295905224881
section_809,0.01061418898371147
imports_2088,0.01061049312767004
imports_1921,0.010607210647511467
imports_1431,0.010574319388553022
imports_2162,0.010568831113231258
section_709,0.010518254224222146
imports_1377,0.010484715189377658
imports_1497,0.01047576827219765
imports_2142,0.010422304151832318
gen_625,0.010336317352263702
imports_1936,0.010326719894961034
imports_1667,0.01031419551339896
imports_2065,0.010264439025571281
imports_1378,0.010249147054481877
imports_1363,0.010149785190557203
imports_1211,0.010117100388842726
imports_1904,0.010081453607944324
imports_1399,0.010065119634750097
imports_2102,0.010054819159194262
imports_1298,0.010039724928319282
imports_2021,0.010032694088986105
imports_1966,0.009994534886975659
imports_1202,0.009977072619091087
imports_1786,0.00992246712646172
imports_1291,0.00991924559322066
imports_2212,0.009915606448108738
imports_1702,0.009885740260553
imports_1736,0.009862783461932034
imports_1839,0.009849917727408286
imports_1654,0.00983998964197541
imports_2120,0.009815987651120128
imports_2175,0.009781247180380204
imports_1542,0.00966592764904095
imports_1589,0.009648310550546935
imports_1163,0.009626744141623567
imports_974,0.009532117448425748
imports_1722,0.009501657317752432
imports_1974,0.009421846455345939
imports_1758,0.009376306137593549
imports_2031,0.009363113327409911
section_832,0.009263574774519778
imports_1548,0.009260055040748671
imports_1324,0.009253624997816567
imports_1995,0.009202421633455637
imports_1007,0.009191873393743055
imports_1546,0.009156157034435619
imports_1903,0.009146676285615829
imports_1480,0.009118696683076966
imports_1417,0.009115490423912354
imports_1985,0.009113440065956713
imports_1224,0.00906557825056531
imports_1619,0.009060188923167178
imports_1721,0.009018921757734555
imports_2222,0.009016624632557146
section_861,0.0090083335775073
imports_2182,0.00900382930963306
imports_1650,0.009001924809898254
imports_1331,0.008988748354865406
section_916,0.008982459276903887
imports_1831,0.008980341163783656
imports_2101,0.008979641434399666
imports_1299,0.008977151568759778
imports_1592,0.00895472905920136
imports_1746,0.008912723335454231
imports_1753,0.00888822214929652
imports_2007,0.008886588965577369
imports_1777,0.008884483624596484
imports_1261,0.008865989638326521
imports_2156,0.008820885149381619
section_759,0.008795255256709655
imports_1832,0.008781172514866098
imports_2169,0.008762316279228743
imports_1428,0.008760962809899242
imports_1190,0.00874972235484428
imports_1233,0.00874894827390782
imports_1751,0.008743294121554834
imports_1574,0.00871153402782232
imports_1952,0.008673725171142843
imports_1636,0.008662971750829529
imports_2161,0.008651349838203037
imports_1948,0.008647142830876309
imports_1401,0.008637249124690216
imports_1968,0.008635301689998487
imports_1899,0.008630331292133864
imports_1457,0.008626970391085953
imports_1526,0.008625858960736199
imports_2134,0.008621675877921842
imports_1724,0.008606598270413324
imports_1265,0.008593302234025435
section_822,0.008581188595500278
imports_2126,0.008581135085214742
imports_1426,0.00858110326512751
imports_1631,0.00855649237033318
imports_1083,0.008460158563145415
imports_1345,0.008431976995536772
imports_2075,0.008408278790185575
imports_1601,0.00840294412590592
imports_1737,0.008389760325879791
imports_2073,0.008344678977169284
imports_1776,0.00833220895267095
imports_1317,0.008329211269568315
imports_1949,0.008285296737031711
imports_1750,0.008282139810436906
imports_1524,0.008247402564665718
imports_1979,0.008238313184030899
imports_1744,0.008224685227144812
imports_2160,0.008191909037771339
imports_1609,0.008182306432073627
imports_1284,0.008167319421569452
imports_1688,0.00815523186531264
imports_1384,0.008154410893324915
imports_1204,0.008113396262277028
section_732,0.00810342042683776
imports_1992,0.008099211478636459
imports_2066,0.008088730351855311
imports_1441,0.008076556509763577
imports_2095,0.008053490891944959
imports_2168,0.008028789399729286
imports_1250,0.008004995521063929
imports_1442,0.008001877768383236
imports_2131,0.00799209316380356
imports_1483,0.007991264170011503
imports_1594,0.007955664021694897
imports_1994,0.007948415460986347
imports_2128,0.007948201661757581
imports_1388,0.00792479751103281
imports_1685,0.007915319338116511
imports_1232,0.007872966414732563
imports_1439,0.007864399061384475
head_658,0.0077865470648832424
imports_1366,0.0077813277408103065
imports_1446,0.00776264612524602
imports_1251,0.00775688431114574
imports_1545,0.007755102282661408
section_821,0.007728014193042698
section_696,0.007715243255489224
imports_2217,0.007683968956034404
imports_1822,0.007665959061541994
imports_2052,0.00764706125053749
imports_1796,0.007637209461281325
section_771,0.00762326464327967
section_778,0.0076230914638939495
imports_1300,0.007606698843907189
imports_2029,0.007600702220046163
imports_1113,0.007597984496593435
imports_1348,0.00757285302523969
imports_1355,0.0075715200648383
imports_2184,0.007565755927433582
imports_1625,0.007560148222834018
imports_1851,0.007533107314131815
imports_1686,0.0075105023811326
imports_1512,0.007502545559896712
section_721,0.007463018715839098
imports_1505,0.007462316235891775
section_728,0.007458928735328607
imports_1963,0.007452159839791639
imports_1934,0.00744710096905421
imports_1144,0.007445203752248775
imports_1954,0.007371576160871918
imports_1527,0.007366126723897137
imports_2044,0.0073659772284242475
imports_1922,0.007362523607444826
imports_1771,0.00735153051357007
imports_2170,0.00731371930933622
imports_1213,0.00731350695854327
imports_1304,0.007310830998431772
imports_1967,0.007301897610127561
imports_1582,0.00729944132076743
imports_1767,0.0072849255792277745
imports_1643,0.007282105915321857
imports_1848,0.007281884618048906
imports_2042,0.007271839204764818
imports_1732,0.0072548745213598664
imports_1820,0.007249168358763214
imports_1692,0.007242862131849437
imports_1857,0.0072136828353677185
imports_1228,0.00720320694979959
imports_2137,0.007191342426172698
imports_1338,0.0071810969410917025
imports_1845,0.007166851643092054
imports_1664,0.007162681500512358
imports_1877,0.007162132221034234
imports_2063,0.007149788496544129
imports_2206,0.007105021466033312
imports_1037,0.007075979527395582
imports_1438,0.0070630642326419135
imports_1415,0.0070515319466106785
imports_1295,0.007050899044455106
imports_2187,0.007043866566932344
imports_1456,0.007015786448424821
imports_1941,0.006987362049982959
section_805,0.006981370255803032
imports_1708,0.006967619944333148
imports_1210,0.006958178457893371
imports_1271,0.006956803364611686
imports_1730,0.006953905486280165
imports_1718,0.006952171354386527
imports_1493,0.006943443203963451
imports_1346,0.006940114518127816
imports_2215,0.0069296707283184045
imports_1604,0.006925978269479938
imports_1569,0.006918242225023574
imports_1328,0.006914219861002824
imports_1336,0.0068957642215423665
imports_2094,0.006882200518608661
imports_1971,0.006872030632008697
imports_1876,0.006848672599788497
imports_1444,0.006810754948447517
imports_1238,0.006799012855756903
imports_1898,0.006794040368469423
imports_1535,0.0067897398844394274
imports_1958,0.006777338670780786
imports_948,0.0067771558445242075
imports_2173,0.006758352724628214
imports_1570,0.006737457696861737
imports_1889,0.006735083569547218
imports_1612,0.0067073435867888165
imports_1351,0.006698381631217165
imports_2158,0.0066843153012816625
imports_1537,0.006679505943592012
imports_1935,0.006669096045859746
imports_1501,0.006648048168993226
imports_2188,0.006636772284508874
imports_1430,0.006624642169147377
imports_2081,0.006621471504897558
imports_1639,0.006614858614005792
imports_1996,0.006612050164470862
imports_1541,0.006609950388414054
imports_2201,0.006603207589743976
imports_1523,0.006595576976100581
imports_1421,0.0065576440836281336
imports_2127,0.0065522528838182215
imports_2185,0.006510923734621699
imports_2143,0.006486322945375322
imports_2213,0.006474374221904
imports_1638,0.006472506246283372
imports_1385,0.006466103518757649
imports_1915,0.006463928470062719
imports_1249,0.006461807667275998
imports_1678,0.006451244376925125
imports_2032,0.006445842023209414
imports_1279,0.006443411463294968
imports_1256,0.006439372895662654
imports_1258,0.006427021920587528
imports_1770,0.0064178249527107045
imports_1468,0.006417601391204064
imports_2099,0.006413552942900136
imports_1145,0.006397749668890951
imports_1632,0.006385817442012387
imports_2214,0.006385428074606958
imports_1525,0.006373618035513173
imports_1288,0.006368727188069245
imports_1408,0.00634942649559922
imports_1255,0.006345704402121788
imports_1774,0.00631311398564538
imports_1052,0.006313073680047632
imports_1555,0.006290037874307819
imports_1649,0.006287755551754648
imports_969,0.006251292211598036
imports_1818,0.006219446619863733
imports_1511,0.00621762985987373
imports_1747,0.006188816869646452
imports_2079,0.006186593748108926
imports_1990,0.006157461672973374
imports_1693,0.006152899872879258
imports_1469,0.00613576272314087
imports_2172,0.006126885123971304
imports_1937,0.006123798372698941
imports_2178,0.006102960860419726
imports_1987,0.006097667438073495
imports_2208,0.006079366278743059
imports_2013,0.006077118896434808
imports_2167,0.006054547823651557
imports_1695,0.006043013716227286
imports_1773,0.006036033752894854
imports_2027,0.006005398214215418
imports_2070,0.006001599522188261
imports_1216,0.005994787575514193
imports_1798,0.005968226113976627
imports_1868,0.005962457942269683
imports_1697,0.0059537442650998695
imports_1563,0.005948981013080834
imports_1124,0.0059292515547006985
imports_1813,0.005922533209568703
imports_1379,0.005921795856350887
imports_1466,0.005921038009868207
imports_1610,0.005898540274539954
imports_1707,0.005879377807783026
imports_1791,0.005875314121919439
imports_1453,0.005853610010339461
imports_2061,0.0058522756608290205
imports_2196,0.005850197118116629
imports_1972,0.005849348844574109
imports_1405,0.00584414474617545
imports_1864,0.005827059366581455
imports_1206,0.005807054039180359
imports_1871,0.005799858191802176
imports_1808,0.0057926408262034546
imports_2192,0.005755504341238504
imports_1455,0.005744823780684527
imports_1073,0.005737488913549971
imports_2193,0.005709213765574761
imports_2078,0.005698681089096436
imports_1829,0.005672292288045
imports_1343,0.005671079691158987
imports_1448,0.005661776223389481
imports_1764,0.005656841492311049
imports_1123,0.005652674667539381
imports_1576,0.0056423763304989105
imports_1844,0.005638500676033553
imports_2109,0.00563123508250607
imports_2195,0.005629010117607525
imports_1332,0.005624138525650135
imports_1449,0.0056183729622150125
imports_1312,0.005608911379777259
imports_1603,0.0055954078287285824
imports_1579,0.005595064286979312
imports_1519,0.005581863138050203
imports_1694,0.0055676800972792595
imports_2129,0.005565906525255793
imports_1506,0.005561437568180061
imports_2189,0.005553952159020881
imports_1178,0.00555108648062741
section_746,0.005549127965367218
directories_2375,0.00554406875082325
imports_1434,0.005541080210452742
imports_2191,0.005529072455694672
imports_1308,0.005526718096011685
imports_1477,0.005513708296107422
imports_2024,0.005489972083796202
imports_1823,0.0054728253700120355
imports_1243,0.005467319635760193
imports_1463,0.005466435559582372
imports_1424,0.005438660411718699
imports_1809,0.005423574255079
imports_1731,0.005402959615572689
imports_1617,0.005401037854978918
imports_1641,0.005399733924376315
imports_2205,0.00537182089344701
imports_1870,0.005370375836580621
imports_1652,0.0053648760957552
imports_1834,0.005356347537095907
imports_2115,0.00535553969496827
imports_2005,0.0053539677336045255
imports_1602,0.005347803129295947
imports_1208,0.005342688245144833
imports_1663,0.00534170505036724
imports_2036,0.005340768002324969
imports_1175,0.005324204382247455
imports_2092,0.005313744914128948
imports_1529,0.005313221047890115
imports_2004,0.005311159214602901
imports_1893,0.005305205224457987
imports_1700,0.005302467806217237
imports_1290,0.005301969038269849
imports_1327,0.005296743609554122
imports_1184,0.005286634450172967
imports_1719,0.005283608655277883
exports_2261,0.005267834779528746
imports_1858,0.005260355103600789
imports_1883,0.005255378588139736
imports_1227,0.005253627272353345
imports_1672,0.005239101846116867
imports_1842,0.0052303020715191995
imports_1200,0.005225333319611503
imports_1720,0.005221246477722152
imports_1901,0.005194099656067319
imports_1642,0.005181829783970082
imports_1752,0.005177495588051029
imports_2049,0.005170780634154548
imports_1420,0.005167496310286568
imports_1875,0.005157009630619491
imports_1147,0.005154025355425862
imports_1590,0.0051469278428928344
imports_1986,0.00514617961526187
imports_951,0.0051460117731310095
imports_1748,0.0051108262174193175
imports_1807,0.005102517470305212
imports_1558,0.005100963620296106
imports_1039,0.005095875117356208
imports_2083,0.005095505125102928
imports_1629,0.005091268253229586
directories_2374,0.00507345117139657
imports_1884,0.00506665901236536
imports_1740,0.0050632520669815495
imports_2017,0.0050590689529472765
imports_1214,0.0050526684183265225
imports_1237,0.0050499324789701205
imports_1975,0.005044234602500142
imports_2103,0.00504141499359223
imports_1905,0.005025735066327197
imports_1488,0.005014140029805603
imports_1086,0.005004126195384373
imports_1710,0.00498427177404448
imports_2051,0.004979528297071489
imports_1892,0.004974996664999676
imports_2072,0.004943203719893763
imports_1450,0.00493343034760052
imports_1198,0.004929076304593494
imports_2154,0.004921342659657046
exports_2228,0.004914428554278816
imports_2139,0.004896181920246434
imports_1931,0.004885843480593177
imports_1993,0.004865594807097917
imports_1891,0.004851555494058246
imports_1278,0.004836328359716369
imports_1487,0.004833056796460067
imports_1998,0.004826530018570585
imports_2180,0.004823512111453709
imports_1684,0.004813503055853374
imports_1543,0.004777754982285831
imports_1234,0.004774892142162646
imports_2028,0.004773474852535653
section_782,0.004750589601428379
imports_1630,0.00473981187016892
imports_1788,0.004730085285757912
imports_997,0.004728296059761883
imports_1440,0.004726916555202854
gen_626,0.004713981946275814
imports_1930,0.0047068504245928455
imports_1727,0.004701395758605731
imports_1273,0.0047011142907853465
imports_1973,0.0046954588774190675
imports_2090,0.00468451018475835
imports_1489,0.00466416421205218
imports_1531,0.004661387228282576
imports_1451,0.004622604918989914
imports_1947,0.004607487622274586
imports_1226,0.004587660521052639
imports_1320,0.004584931578075491
imports_1223,0.004579680141790554
imports_1887,0.004568807814906206
imports_1024,0.004567613058103603
section_755,0.004558532215930944
imports_1927,0.004546730825966128
imports_1953,0.004542544461142883
section_756,0.004533108857936563
imports_2020,0.004529993156354717
imports_1618,0.0045281767750426916
imports_1909,0.0045281224367557105
imports_2135,0.004527484002963877
imports_1566,0.004526350893863329
imports_1168,0.004521705049275404
imports_1757,0.004515398063328346
imports_2033,0.004515309639337772
imports_1564,0.004508778123266888
imports_1852,0.004507139115066838
imports_1920,0.004505354432492004
imports_1509,0.004498974914728837
imports_1266,0.00449318970766055
imports_1245,0.004481531575852626
imports_1790,0.00447983428557408
imports_1846,0.00447672317730663
imports_989,0.004468143844559513
imports_2077,0.004466912010394397
imports_1038,0.00444692379318834
imports_1347,0.004429881281541759
imports_1236,0.004428631247289649
section_928,0.004425119068217409
exports_2271,0.004421205000930684
imports_1491,0.004420933014077422
imports_1365,0.004401969382653359
imports_1944,0.004396395793287988
imports_1209,0.004395864331592447
section_806,0.004359687861291928
imports_2112,0.0043425080922070425
imports_1939,0.004337862612902921
imports_1691,0.004337259201272037
imports_1919,0.0043348412506978296
section_838,0.004316849323946936
imports_1414,0.004314419338604436
imports_1713,0.004310335927502518
gen_623,0.004305537957369765
imports_2064,0.004302831534249263
imports_1532,0.004294971464767761
imports_1496,0.004293712694819041
imports_1201,0.004282823770218158
imports_1342,0.004278722851449146
imports_2096,0.0042629889318195335
imports_1605,0.004245346788674498
imports_1782,0.004240091448997285
imports_1729,0.004239589669079669
imports_1801,0.004238207930077786
imports_1518,0.004233598225583224
imports_2221,0.004229403351061478
imports_1689,0.004222925887106932
imports_1244,0.004222504406045768
imports_1573,0.004221682819575134
imports_2015,0.00421547493774721
imports_1687,0.0042096468222490024
imports_1888,0.004209073838404631
section_706,0.004196467422063588
section_889,0.004163494570382342
imports_1885,0.004140545983041477
imports_970,0.004136907454316052
imports_1382,0.00413651933847814
imports_1403,0.0041283235466331725
imports_1866,0.004127509858230738
imports_1370,0.0041243026859143495
imports_1577,0.004118349756423667
imports_1357,0.004117520582120671
imports_1268,0.004114034903836883
imports_1461,0.004110233792580464
imports_1812,0.0041088217206330935
imports_1293,0.004105978831030033
imports_1352,0.004105346857573133
imports_1536,0.004103138734441236
imports_1964,0.004100070908379827
imports_2001,0.004092110160512252
imports_1606,0.004089927044661268
imports_1459,0.004085375504948585
imports_1651,0.0040815727786343015
imports_1500,0.004072832680586558
imports_1282,0.004067496943406912
imports_1917,0.004065441351600363
imports_1556,0.004065361038533943
imports_1246,0.004054252023856231
exports_2324,0.004045868258743424
imports_2197,0.004037112455637981
imports_2022,0.004027342041173831
imports_2037,0.004024180557907764
imports_1957,0.004016327919182272
exports_2293,0.0040155067424703095
imports_1334,0.004012037481850417
imports_1508,0.004007006715415873
imports_1568,0.004004734511962926
imports_2086,0.004001399825273699
imports_1593,0.003997171477215566
imports_1205,0.003977013772953564
imports_1465,0.003957841458445133
imports_2105,0.003957086414408062
imports_1394,0.003942776007417326
imports_1196,0.00392550522655144
imports_1584,0.0039167637802624
imports_2062,0.00391421448395457
imports_1217,0.003909497372222459
imports_1951,0.00390709410092227
imports_2209,0.003901520178389628
exports_2309,0.003899942775433596
exports_2299,0.0038839365609464327
imports_1063,0.003883729968398475
imports_2034,0.0038818312570791935
imports_1269,0.0038813161791910744
imports_1270,0.0038756438493876555
imports_2060,0.0038722954779928376
imports_1881,0.0038706398464676273
imports_1372,0.0038686725054282167
imports_1397,0.0038650279730778614
imports_1571,0.0038561775220162797
imports_1337,0.003846658714992346
imports_1698,0.00384294739807145
imports_1926,0.0038401769957341347
imports_1520,0.0038397819202009575
imports_1274,0.0038370008833472635
imports_1460,0.003836694034646815
imports_1597,0.003834480241859728
imports_1588,0.0038334627517118136
imports_2117,0.0038201004471631883
imports_1406,0.0038172376926575158
imports_1795,0.0038167128346877632
imports_1863,0.003800088480502062
imports_1540,0.0037979194073758382
exports_2346,0.00378466198594829
imports_1572,0.0037833647715861396
imports_1416,0.0037830357949639737
imports_1383,0.003778299313981215
imports_1981,0.003778141898887588
imports_995,0.0037704780903637936
imports_1815,0.003757777776230986
imports_1371,0.003750669084341185
imports_1407,0.003735478762714184
imports_1207,0.003727236347344176
imports_1794,0.0037227077686956545
imports_1315,0.003718956326941303
imports_1387,0.003718902742200658
imports_1550,0.0037157407882872917
section_939,0.003709290837726309
imports_1240,0.0036929668200889054
imports_1586,0.003683328409288089
exports_2286,0.003678650866447475
imports_1769,0.0036750264858746995
imports_1637,0.003669889478937538
imports_2041,0.0036598704250452307
imports_1626,0.003659297849715637
exports_2282,0.0036577037185703265
imports_2068,0.0036512535223012232
imports_1530,0.003649172007866186
exports_2326,0.003648566280865184
imports_1714,0.003647196653741247
section_893,0.0036423961574154617
exports_2314,0.0036407838309893137
imports_2183,0.003639758100359325
imports_1634,0.0036275517021955306
imports_2179,0.003626576438250373
imports_1374,0.003623825160885552
imports_1404,0.0036009085228163595
imports_1313,0.003597049993346646
imports_1473,0.0035905262416708883
imports_1381,0.0035825773211626277
imports_1218,0.003560356268698106
imports_2149,0.0035555996382579114
imports_1085,0.0035492899791984556
imports_1825,0.0035453843848818334
imports_1624,0.0035448062500180733
exports_2292,0.003538466689509745
imports_1528,0.0035305405431296233
exports_2320,0.003509004156085238
exports_2334,0.003508182544594174
imports_2009,0.00350362916546354
imports_1591,0.0034988402247253525
section_902,0.003495044589321372
section_915,0.003495044589321372
section_942,0.003495044589321372
imports_1960,0.0034932605039397213
imports_1373,0.003488099919579657
imports_2014,0.0034852233734961047
imports_1578,0.0034785274924502563
imports_1932,0.0034770190660005085
imports_1853,0.003472563801073525
imports_1221,0.003470087168656155
imports_1427,0.003459320180550174
imports_1879,0.0034454235995484694
exports_2232,0.0034425917992153554
imports_2119,0.0034344210771724004
imports_1742,0.003432662017992305
imports_1503,0.003418613545388416
imports_2018,0.0034112259871958983
imports_1833,0.003408233384874393
imports_1914,0.00340573989251447
imports_1671,0.003398926159877469
imports_1267,0.0033945032461957236
imports_2087,0.003382842167642064
imports_1869,0.003378494905819096
imports_1679,0.003378162157029463
imports_1633,0.0033739672036277035
imports_1549,0.0033718294767377532
imports_1856,0.0033614219171935744
imports_1738,0.0033595966648227726
imports_1847,0.003354150081004592
imports_1322,0.0033509260213711034
imports_1344,0.003344911939582529
section_767,0.0033407234563977983
imports_1289,0.003340396902068221
imports_1743,0.0033329802976056477
imports_1361,0.003324651792379507
imports_1369,0.0033108917419590878
exports_2241,0.0032990549521052515
imports_1867,0.0032954219210152846
imports_1943,0.0032923499372055076
imports_1354,0.0032896324402245103
exports_2252,0.003285672065551859
imports_1272,0.0032850434286473273
imports_1110,0.0032723642088903215
imports_1595,0.0032714737893035917
imports_1471,0.003259234885012008
imports_1297,0.0032509309577042345
imports_1916,0.0032473234035972354
section_943,0.003245081900152158
imports_1285,0.003243606824553602
imports_1677,0.00323876132798695
imports_1928,0.0032352332146028395
imports_1841,0.0032334353774114977
imports_1552,0.0032031456711947293
imports_1507,0.0031941998624014367
imports_2164,0.0031889541182459347
section_741,0.0031845247715078795
imports_1222,0.0031797992507003325
exports_2310,0.003163310808529385
imports_1784,0.00316217136334207
imports_1479,0.0031508624705645083
exports_2249,0.0031502636683202745
imports_2053,0.003149626997788202
imports_1230,0.0031291869625897917
imports_1395,0.003127497414302738
exports_2266,0.003126930047569587
imports_1600,0.0031262654206958285
exports_2336,0.0031235282634700656
imports_1805,0.0031223938901951964
imports_1409,0.0030974997712651664
section_841,0.003081713819549803
imports_1613,0.003080762692607486
imports_1827,0.003078590683891491
section_705,0.003062623531135289
exports_2291,0.0030602862881932147
exports_2226,0.0030532951206363457
imports_1462,0.003044620521850838
exports_2281,0.003041020731706423
imports_1060,0.0030393426435588733
imports_1498,0.0030379915629146215
imports_1277,0.0030358814985305127
imports_2200,0.003032469021017281
imports_996,0.0030236494554103377
imports_1907,0.003023341324902118
imports_1413,0.0030223832983329313
imports_1961,0.003021683684903742
imports_1171,0.003017676222584642
imports_1983,0.00301162154777046
exports_2230,0.0030058160385713073
exports_2318,0.002982295377649491
imports_2010,0.002957579294802004
imports_1396,0.0029460847091986597
imports_1481,0.002922225369239584
imports_1814,0.0029070800996873203
imports_1607,0.0029059393179200477
imports_1235,0.0029043741825538483
imports_1608,0.002897177534139095
imports_1765,0.0028949436770346892
imports_2076,0.0028932790805613617
imports_1318,0.0028877245972918075
imports_1803,0.0028832537297169836
imports_2198,0.0028716078040433857
imports_2165,0.00287124319178389
imports_1082,0.0028646259250009187
imports_1627,0.0028602168185798416
imports_1661,0.00286006864745203
imports_1539,0.0028582369837195643
exports_2330,0.002844890640791853
imports_1565,0.002832456281115503
imports_1499,0.0028299349154188302
imports_2148,0.00282541062961017
imports_1955,0.00282380058891607
head_657,0.0028234344213575735
imports_1766,0.0028202698695838357
imports_1873,0.0028145404220689674
imports_1860,0.0028066732209568457
exports_2272,0.0027995149824520116
imports_1840,0.002793235813819628
imports_2140,0.0027832795051871972
exports_2294,0.0027817275129193852
exports_2277,0.0027812730478011805
exports_2301,0.002779618667662742
imports_1911,0.00276212783078722
exports_2304,0.0027505672181920016
section_697,0.002744323521634451
imports_1980,0.0027428628252796905
imports_1538,0.0027392119433051754
imports_1325,0.0027368040662565374
imports_1759,0.0027332991547155405
exports_2254,0.0027318467970047777
imports_1653,0.002729689718981021
imports_1811,0.0027268507992621593
section_794,0.0027173774396260786
imports_1485,0.0027172080479000993
imports_1423,0.0027126277198983306
imports_2210,0.0027051353417582025
imports_2114,0.0026908907710436747
imports_1094,0.0026905517267099555
imports_1843,0.002690541928016099
imports_1623,0.002687425562350132
imports_1910,0.002686349393918208
exports_2297,0.00268222333552659
exports_2229,0.002672050040521956
imports_1581,0.0026632463392262107
imports_1772,0.0026629986553567964
imports_1521,0.002658294131236527
exports_2342,0.002654101044157864
imports_2030,0.0026517362173104075
imports_2045,0.0026507182622443892
exports_2284,0.0026342328781807645
section_844,0.0026312485589572443
exports_2276,0.002627177100490874
imports_1062,0.0026147877894044935
exports_2263,0.0026131349470297494
imports_1596,0.002612979594006859
exports_2260,0.0026031759430567014
section_797,0.002602417725224848
imports_1360,0.002598618381906226
imports_2190,0.002596543600619894
imports_1780,0.0025964579908877017
imports_1263,0.002595710568914278
exports_2231,0.002593082825607773
imports_2089,0.002589997983942993
imports_1517,0.002581494428220976
imports_1472,0.00257783537527545
imports_1918,0.0025771208699623127
directories_2366,0.0025682229371501997
imports_1754,0.0025611901109439117
imports_1380,0.0025482420055387145
imports_1502,0.002541431782289605
imports_1645,0.0025393714951063018
imports_1861,0.0025392525563556756
imports_2147,0.0025185212617400143
imports_2016,0.0025178135701870996
imports_2177,0.0025172867685729905
imports_2035,0.0025049696189662907
imports_1880,0.002488905154001575
imports_1340,0.0024726042360154743
imports_2107,0.002465965341985843
exports_2305,0.0024651129687642825
exports_2349,0.0024640366445327633
imports_966,0.002463870537528834
imports_1534,0.0024532257920808487
exports_2313,0.002451442818711236
imports_1580,0.0024511065279086974
exports_2321,0.002445588646346586
exports_2245,0.002445167031294604
imports_1749,0.0024409313125255405
exports_2335,0.002432851257942348
exports_2340,0.0024176166287370737
imports_1008,0.0024073612613007
imports_1912,0.0024069730200568795
imports_1257,0.0024042763460836447
exports_2239,0.0023894602252625408
imports_1779,0.002383083457893287
imports_1350,0.0023816292440321796
imports_1191,0.0023816087071539815
imports_1294,0.002374127947727178
imports_1138,0.0023731436718019694
imports_1108,0.002370805119831232
imports_2046,0.002370261359254444
imports_1242,0.002352645998610514
imports_1575,0.002344833166517679
section_791,0.0023420871904766827
imports_1046,0.0023329067913078205
imports_2194,0.0023147240631227195
imports_1783,0.002299121307570706
imports_1681,0.002292362743122167
imports_1682,0.002280184127691154
imports_2152,0.002279941434153221
imports_1956,0.00226550350909438
exports_2268,0.002264854869278965
exports_2306,0.0022642927918195
imports_1647,0.0022606968559233387
imports_1252,0.0022578534397958983
imports_1874,0.002257781968213468
imports_1850,0.002254288797441051
exports_2344,0.0022477455727394346
section_744,0.002237537125933553
imports_1203,0.0022342548645311044
imports_2043,0.002229872716141834
section_748,0.0022274365645174043
exports_2251,0.002227343292666495
exports_2322,0.002225654890879669
imports_1167,0.002225551892499178
imports_2023,0.002223225689491848
imports_1437,0.002220510437231704
exports_2234,0.002208403778840573
imports_1262,0.0021970038421419424
imports_2220,0.002179481603431066
imports_959,0.0021737971849555837
imports_1140,0.0021718467422393584
imports_2047,0.0021692592918631792
imports_2019,0.0021654895351994607
imports_1715,0.0021632695818416536
imports_1111,0.00216297134117327
imports_1553,0.0021623151824810005
exports_2247,0.0021608190629316404
imports_1400,0.00216072839757242
section_710,0.0021477629866017978
imports_1429,0.0021470266903473867
imports_1959,0.00214417058012617
imports_1467,0.00214370132443209
exports_2348,0.0021353387856273276
imports_1362,0.0021250626649902404
imports_1310,0.0021095230926049258
imports_1925,0.002109170521778392
imports_2199,0.0021017804718059807
imports_2116,0.0020951907009174597
imports_971,0.002091590468741744
imports_2080,0.0020816946550421545
imports_1131,0.0020748782457791215
imports_1447,0.0020646710646752275
imports_1341,0.002061410769501615
imports_1391,0.0020463069154124103
imports_1965,0.002044908176432436
imports_1445,0.0020413471923153015
imports_1656,0.002011267570967812
imports_1091,0.001998662603389878
imports_1398,0.001987447237584705
exports_2332,0.001981139995464787
exports_2319,0.001974731231845217
exports_2329,0.001965192184487874
imports_1402,0.0019572793914226505
imports_1514,0.001953583866951103
imports_1763,0.0019476392506128093
imports_1587,0.0019442427896891878
section_930,0.0019433515204791973
imports_2002,0.0019262406490543338
section_904,0.001922697014382635
imports_2174,0.001922232887894726
exports_2274,0.0019142512799781297
imports_1680,0.001913800068032545
imports_1716,0.0019001931729372146
imports_2163,0.001896627568438225
imports_2145,0.0018774063159059384
exports_2240,0.0018768414988767912
section_898,0.0018762143401227505
imports_1358,0.001874347210050864
imports_2207,0.0018708798037727625
imports_1393,0.0018636323376197694
imports_2150,0.001862098813882218
imports_1321,0.0018508034253328365
imports_1711,0.0018168720413569428
exports_2224,0.0018164486207088437
imports_1806,0.001813686174893192
exports_2296,0.0018084874711254972
exports_2267,0.0018084354424308113
imports_2040,0.0018028613342813138
imports_1621,0.0017984605435605872
exports_2248,0.0017921174038171284
imports_1389,0.001788607331675296
imports_1668,0.0017881721412162932
imports_1894,0.0017805155346886092
imports_980,0.0017792618888994305
section_833,0.001776391384414877
imports_1260,0.001769300554111286
section_896,0.0017583248861674505
exports_2333,0.0017569633077898494
imports_2132,0.0017454221699120254
exports_2316,0.0017446858432634826
exports_2351,0.0017425026720978565
imports_1712,0.0017370088827006747
imports_1035,0.0017320469939243743
imports_1314,0.001727946404401104
exports_2323,0.0017277282934407001
section_818,0.0017269119283276346
imports_1821,0.0017221714618222972
imports_2074,0.001721787184918
imports_1305,0.001714321884767056
exports_2233,0.0017096174258186547
imports_1838,0.001706254355923198
section_747,0.0017060236112595994
exports_2328,0.0016990105248735343
imports_2100,0.0016981585455404513
head_646,0.0016971701305228404
imports_1989,0.0016785646096533213
exports_2242,0.0016769925359267912
exports_2350,0.0016769721314982
imports_1410,0.0016733953780951882
imports_1962,0.0016730107713407438
imports_1739,0.0016704682512005409
exports_2289,0.0016642562167361596
imports_1561,0.0016576889811537043
imports_1804,0.0016538431809298704
imports_2003,0.001650956060905262
section_694,0.0016479070179620248
imports_1906,0.0016427387495314694
exports_2283,0.0016424712518459117
imports_1760,0.0016382712655662601
imports_1422,0.0016284831778372588
exports_2288,0.001614256841647066
section_698,0.0015896744464252155
imports_1353,0.0015742714904016797
imports_1755,0.0015698239008821169
imports_1817,0.0015670966679675047
exports_2273,0.0015669804994304926
imports_1551,0.0015665101592627906
imports_1118,0.0015630368018133556
exports_2308,0.0015620714553437054
imports_2202,0.0015520712561571948
imports_1376,0.0015497781348334794
imports_1492,0.001544680973329049
imports_1756,0.001544365825551397
imports_2186,0.001533023473837991
section_760,0.0015280758382307802
imports_984,0.0015277987951591854
exports_2225,0.001519619798310723
imports_1701,0.0015123469625628605
exports_2295,0.001510221204421569
imports_1585,0.001499144492017157
exports_2311,0.001498075134852117
section_804,0.0014947601816539535
imports_1114,0.0014916675770906274
exports_2264,0.0014823251339730614
imports_1247,0.001460901036967277
imports_1193,0.0014593488901748497
imports_1669,0.0014558155585766563
imports_1077,0.0014510277664609994
exports_2285,0.0014446404380648037
exports_2255,0.0014444509980664488
exports_2315,0.0014443599636242421
imports_2113,0.0014394974995044496
imports_1368,0.0014298556793364003
imports_979,0.001429459360922536
exports_2275,0.0014280964017685527
exports_2259,0.0014280799657189203
imports_1194,0.0014206914127323778
imports_2136,0.0014114136130232158
imports_2218,0.001400484514687994
exports_2235,0.0013860671744698738
imports_1301,0.0013658854841331891
exports_2227,0.0013647712318458627
exports_2303,0.001360284871442019
exports_2270,0.0013532739341983735
imports_1096,0.0013373374301135499
exports_2307,0.001336615332293789
imports_1616,0.0013346590403013892
imports_1390,0.0013330782420422072
imports_953,0.0013280117204199637
imports_960,0.0013199564303034705
imports_1938,0.0013169285261580566
imports_1093,0.0013102684342944926
exports_2257,0.0012991438629321728
imports_1797,0.0012989781394823208
imports_1239,0.0012924786232730856
imports_1945,0.001290077128208944
imports_1886,0.0012783814200931776
section_712,0.0012755539335391752
imports_954,0.0012754499112155315
exports_2327,0.0012751925718483825
imports_1375,0.0012733172953749428
imports_2058,0.0012722648984955232
imports_1544,0.0012635824677553753
imports_1125,0.0012526209220686813
imports_1478,0.0012521943023822146
imports_1072,0.0012459743950004043
imports_1286,0.0012423998563557692
imports_1003,0.001226659219435211
exports_2265,0.0012240097520876958
imports_2108,0.0012239696603004724
imports_1735,0.0012220576304613484
exports_2300,0.0012202872163236123
imports_1359,0.001219594923633327
exports_2243,0.001206836752461582
imports_1139,0.0011925523046221187
imports_1188,0.0011917094469853229
imports_1865,0.0011899972546471904
imports_1181,0.0011883841834603448
imports_1157,0.0011818880518061903
imports_1768,0.0011803312358349416
imports_1984,0.0011754251915951919
imports_1896,0.001169484993878589
directories_2367,0.0011659485911259537
imports_1050,0.0011555033322465658
imports_2125,0.0011554869524994515
imports_1659,0.0011510176610936007
imports_950,0.001147411383937369
imports_1490,0.001143006259801238
imports_2085,0.001136589533469401
section_718,0.0011354970931627406
imports_955,0.001132367369715892
imports_1159,0.0011244300352208914
imports_1802,0.0011106627581796147
section_762,0.0011026509360521075
imports_1775,0.0010868610410339485
exports_2302,0.0010804825732639856
imports_1176,0.0010790405583214202
section_768,0.0010786338991675137
imports_1997,0.0010725887286189284
head_665,0.0010698286657297995
section_815,0.0010670800594885232
imports_1810,0.0010571484333805614
exports_2279,0.001041874120776498
section_817,0.0010217353757628889
exports_2317,0.0010201076659119845
exports_2256,0.001011925762103072
imports_1012,0.0009988229619632971
imports_1040,0.0009928269690975267
imports_1940,0.0009891274323181598
section_855,0.0009847449399726926
section_801,0.0009836069587829677
section_812,0.0009834286586449803
imports_1028,0.0009739656507490313
exports_2290,0.0009720931387398046
imports_1583,0.0009696144408684049
imports_1199,0.0009683418201735794
imports_1162,0.0009655559486376752
imports_1066,0.0009630808707015159
section_751,0.0009617560576158368
imports_1356,0.0009601283035494124
imports_2084,0.0009546975144030245
imports_2026,0.0009533742141067947
imports_1329,0.0009515608232355532
imports_1275,0.000935818286828427
exports_2250,0.0009310630499921313
imports_945,0.0009213445160975997
imports_1000,0.0009203212775310554
imports_1799,0.0009185120425381221
exports_2246,0.0009176175261924602
exports_2236,0.0009171357112387479
imports_1897,0.0009121860744558674
imports_956,0.0009104223886713392
exports_2312,0.0008981571201125416
imports_1859,0.0008915221206953206
imports_1433,0.0008893555073152815
imports_1054,0.000888218262244056
imports_1049,0.0008827038692298395
imports_1335,0.0008812544121299393
imports_1197,0.0008789216900801922
imports_2121,0.0008774598874112804
exports_2343,0.0008639103027983097
imports_1105,0.0008561187879125853
imports_962,0.0008520639901561378
section_701,0.0008473265032895583
section_704,0.0008341883460818433
imports_1006,0.0008312111868271632
imports_957,0.0008232122034883549
imports_1726,0.0007922411678731311
imports_2091,0.0007894095247913402
imports_1078,0.0007857425570501064
imports_2082,0.0007850798597970332
imports_2008,0.0007825633475819771
imports_1142,0.0007823908173270055
imports_1241,0.0007650923158750711
imports_1152,0.0007542617095377402
imports_1658,0.0007528718532545664
section_765,0.0007528223264807732
exports_2238,0.0007363686684829229
section_827,0.0007309358592055837
imports_1908,0.0007115765723253453
section_715,0.0007108961970545558
section_777,0.000699786763365351
imports_1122,0.0006930806124227917
imports_1067,0.00069098771168008
section_800,0.0006883785358371419
imports_983,0.0006864505854764502
imports_1001,0.0006834028452740171
section_700,0.0006702237739326655
head_663,0.0006662658165095259
section_691,0.0006619233940294844
imports_2141,0.0006618137593268347
exports_2253,0.0006578790410043389
imports_982,0.0006452724343082306
imports_1081,0.0006440470399480258
imports_1830,0.0006406252108368538
exports_2237,0.0006402785888099949
imports_1185,0.0006394378759637664
imports_1309,0.0006379653256813889
imports_1826,0.0006360839385928241
section_727,0.0006330191925387751
section_717,0.0006327387094913206
imports_1069,0.0006298695847781755
imports_1026,0.0006093548184511466
imports_2155,0.0006066814167371426
imports_1075,0.0006066229955483671
imports_1102,0.0005854083406844346
imports_1316,0.0005842356414078598
imports_1074,0.0005587706097220924
imports_1367,0.000556374976173224
imports_1132,0.0005556902102310524
imports_1220,0.0005538543731959944
imports_1116,0.0005407125272385294
imports_967,0.0005376119241378152
imports_1015,0.0005351340638368729
exports_2258,0.0005340714400132729
imports_1129,0.0005318209558469178
imports_1436,0.0005270154495498058
exports_2280,0.0005269679825248286
imports_1484,0.0005080857246899662
imports_1137,0.0005068083527093314
imports_1264,0.0005066515131277871
imports_1022,0.0004901449954799464
imports_1670,0.0004894154100927306
head_647,0.0004890652724178768
imports_1051,0.00048689582587568836
imports_1089,0.000475154011680079
exports_2347,0.0004621238844857434
section_857,0.00044787418867620055
imports_1098,0.00044703710543791964
imports_1835,0.00044464158076151783
section_750,0.0004404236616921686
section_793,0.0004391309764792961
imports_1019,0.00043790312438107826
imports_1158,0.0004348000455423051
imports_1978,0.00041118425143515935
imports_1153,0.00040851233722083435
imports_1522,0.00040159885318846733
head_662,0.0003897082074841851
section_795,0.0003842090769852202
imports_1443,0.00038389392798698907
imports_1219,0.00038309453606810706
imports_1495,0.0003721968547258925
exports_2298,0.0003721767598152681
exports_2337,0.00036119300815817823
exports_2287,0.0003592678097334989
imports_990,0.00035809953837540043
imports_1112,0.0003566585111509646
section_743,0.00035246196559435283
imports_1177,0.00034724395876972736
imports_1557,0.00034526826201641825
imports_1154,0.00033554870957441807
imports_2118,0.0003272752356859865
section_903,0.00032274980320190494
exports_2269,0.0003216758283910437
section_783,0.0003137085467417311
imports_1164,0.0003054076520512261
section_731,0.0003025469890729493
section_867,0.0002987160977421244
section_733,0.0002975048430382543
imports_1186,0.00028895203963252847
head_632,0.00028439208612729416
imports_1002,0.0002802660292917647
imports_1655,0.0002755679883952311
section_830,0.00027198985378484863
imports_1115,0.0002719493459757416
imports_1149,0.00026366287482137984
exports_2345,0.0002631538940274236
head_644,0.00026298947017289187
imports_1302,0.0002580385646162586
imports_2153,0.00024587360390704305
imports_1150,0.00024136881539504884
section_843,0.0002371926284499004
imports_1120,0.0002348394651157104
imports_1510,0.00023383735186621735
imports_1056,0.0002276862052918993
imports_1059,0.00020870463861277777
imports_958,0.00020135314174662966
imports_1675,0.00019954410724154492
section_814,0.00019048289575906985
section_754,0.0001817572124009903
imports_1079,0.0001817148119906964
imports_1117,0.00017549579952169658
imports_1929,0.00016426932389879134
exports_2262,0.00016157362478552706
imports_975,0.00015987022139629659
exports_2339,0.00015377088593382382
section_831,0.00012883667161278645
exports_2278,0.00012829174283379707
imports_963,0.00012633546911144933
imports_1155,0.00012209276872909847
imports_1048,0.00011800099670988828
imports_964,0.00011678301856643536
imports_1187,0.00011665319871134727
imports_1130,0.00011552917981250133
section_854,0.0001113775104037984
section_695,0.00011127727201976079
imports_1025,0.00010890871193036666
imports_978,0.00010689033091670908
exports_2325,0.00010670833412063097
imports_1047,0.00010289142770125714
imports_1021,0.00010226223842035864
imports_1657,9.75825466957847e-05
imports_1080,9.248413526052879e-05
imports_1192,8.178337768449673e-05
imports_1513,8.122060518833685e-05
section_875,7.605010968814163e-05
imports_1104,7.445853520104961e-05
section_803,7.438163590789415e-05
section_929,6.815228519307936e-05
imports_1087,6.051392001782396e-05
imports_1119,5.942945845549552e-05
imports_1055,5.942078657183991e-05
imports_993,5.293687696306115e-05
imports_968,4.7577652853680874e-05
section_781,4.156514684128254e-05
section_738,3.645486360581707e-05
imports_1020,3.1676496386356945e-05
imports_1787,2.646222875446469e-05
imports_1109,2.611901889504331e-05
imports_1010,2.5540893317188562e-05
imports_1174,2.490356767981261e-05
imports_1151,2.027093179690631e-05
exports_2338,1.6559334208299248e-05
section_846,1.248866776504265e-05
imports_1161,5.577788611210721e-06
section_703,3.91714669301102e-06
imports_1090,1.51576267404252e-06
section_842,9.228116653048346e-07
head_628,0.0
head_629,0.0
head_630,0.0
head_631,0.0
head_635,0.0
head_636,0.0
head_637,0.0
head_639,0.0
head_648,0.0
head_649,0.0
head_650,0.0
head_651,0.0
head_652,0.0
head_653,0.0
head_654,0.0
head_660,0.0
head_664,0.0
head_667,0.0
head_668,0.0
head_670,0.0
head_671,0.0
head_673,0.0
head_674,0.0
head_675,0.0
head_676,0.0
head_677,0.0
section_707,0.0
section_714,0.0
section_719,0.0
section_720,0.0
section_723,0.0
section_724,0.0
section_730,0.0
section_739,0.0
section_742,0.0
section_745,0.0
section_753,0.0
section_757,0.0
section_764,0.0
section_769,0.0
section_770,0.0
section_773,0.0
section_774,0.0
section_780,0.0
section_788,0.0
section_789,0.0
section_792,0.0
section_807,0.0
section_819,0.0
section_820,0.0
section_824,0.0
section_839,0.0
section_845,0.0
section_848,0.0
section_849,0.0
section_850,0.0
section_851,0.0
section_852,0.0
section_856,0.0
section_858,0.0
section_859,0.0
section_860,0.0
section_862,0.0
section_863,0.0
section_864,0.0
section_865,0.0
section_866,0.0
section_868,0.0
section_869,0.0
section_870,0.0
section_871,0.0
section_872,0.0
section_873,0.0
section_874,0.0
section_877,0.0
section_878,0.0
section_879,0.0
section_881,0.0
section_882,0.0
section_884,0.0
section_885,0.0
section_888,0.0
section_890,0.0
section_891,0.0
section_892,0.0
section_895,0.0
section_897,0.0
section_899,0.0
section_900,0.0
section_901,0.0
section_905,0.0
section_906,0.0
section_908,0.0
section_909,0.0
section_910,0.0
section_911,0.0
section_912,0.0
section_913,0.0
section_914,0.0
section_918,0.0
section_919,0.0
section_920,0.0
section_921,0.0
section_923,0.0
section_924,0.0
section_925,0.0
section_926,0.0
section_927,0.0
section_932,0.0
section_933,0.0
section_934,0.0
section_935,0.0
section_936,0.0
section_937,0.0
section_938,0.0
section_940,0.0
section_941,0.0
imports_944,0.0
imports_946,0.0
imports_949,0.0
imports_952,0.0
imports_961,0.0
imports_965,0.0
imports_972,0.0
imports_973,0.0
imports_977,0.0
imports_981,0.0
imports_985,0.0
imports_986,0.0
imports_988,0.0
imports_991,0.0
imports_992,0.0
imports_994,0.0
imports_998,0.0
imports_999,0.0
imports_1004,0.0
imports_1005,0.0
imports_1009,0.0
imports_1011,0.0
imports_1013,0.0
imports_1014,0.0
imports_1016,0.0
imports_1017,0.0
imports_1018,0.0
imports_1023,0.0
imports_1027,0.0
imports_1029,0.0
imports_1030,0.0
imports_1031,0.0
imports_1032,0.0
imports_1033,0.0
imports_1034,0.0
imports_1036,0.0
imports_1041,0.0
imports_1042,0.0
imports_1043,0.0
imports_1044,0.0
imports_1045,0.0
imports_1053,0.0
imports_1057,0.0
imports_1058,0.0
imports_1064,0.0
imports_1065,0.0
imports_1068,0.0
imports_1070,0.0
imports_1071,0.0
imports_1076,0.0
imports_1084,0.0
imports_1088,0.0
imports_1092,0.0
imports_1095,0.0
imports_1097,0.0
imports_1099,0.0
imports_1100,0.0
imports_1101,0.0
imports_1103,0.0
imports_1106,0.0
imports_1107,0.0
imports_1121,0.0
imports_1126,0.0
imports_1127,0.0
imports_1128,0.0
imports_1133,0.0
imports_1134,0.0
imports_1135,0.0
imports_1136,0.0
imports_1141,0.0
imports_1143,0.0
imports_1146,0.0
imports_1148,0.0
imports_1156,0.0
imports_1160,0.0
imports_1165,0.0
imports_1166,0.0
imports_1169,0.0
imports_1170,0.0
imports_1172,0.0
imports_1173,0.0
imports_1179,0.0
imports_1180,0.0
imports_1182,0.0
imports_1183,0.0
imports_1189,0.0
imports_1195,0.0
imports_1215,0.0
imports_1259,0.0
imports_1280,0.0
imports_1283,0.0
imports_1292,0.0
imports_1326,0.0
imports_1349,0.0
imports_1419,0.0
imports_1476,0.0
imports_1648,0.0
imports_1704,0.0
imports_1705,0.0
imports_1706,0.0
imports_1745,0.0
imports_1762,0.0
imports_1855,0.0
imports_1872,0.0
imports_1890,0.0
imports_1976,0.0
imports_1982,0.0
imports_2025,0.0
imports_2069,0.0
imports_2098,0.0
imports_2104,0.0
imports_2144,0.0
imports_2157,0.0
imports_2166,0.0
exports_2244,0.0
exports_2331,0.0
exports_2341,0.0
directories_2368,0.0
directories_2369,0.0
